{
  "alphas": [
    0.0,
    0.25,
    0.5,
    0.75,
    1.0
  ],
  "levels": [
    0.0,
    0.1,
    0.2,
    0.3,
    0.4,
    0.5,
    0.6
  ],
  "seeds": [
    0,
    1,
    2,
    3,
    4
  ],
  "clean_acc": {
    "mean": [
      93.68,
      96.24,
      96.88000000000001,
      97.12,
      96.96000000000001
    ],
    "std": [
      0.9260669522232122,
      1.0910545357588697,
      1.197330363767663,
      0.9927738916792721,
      0.8979977728257499
    ]
  },
  "clean_recall": {
    "mean": [
      0.5411764705882354,
      0.723529411764706,
      0.7705882352941176,
      0.788235294117647,
      0.7823529411764706
    ],
    "std": [
      0.06056253024110001,
      0.08022459821756382,
      0.08803899733585742,
      0.07299808027053444,
      0.06602924800189307
    ]
  },
  "clean_precision": {
    "mean": [
      0.9882352941176471,
      1.0,
      1.0,
      1.0,
      0.9928571428571429
    ]
  },
  "attacked_recall_mean": [
    [
      0.5411764705882354,
      0.5529411764705883,
      0.6235294117647059,
      0.6705882352941177,
      0.6823529411764706,
      0.7176470588235294,
      0.7647058823529412
    ],
    [
      0.723529411764706,
      0.6764705882352942,
      0.723529411764706,
      0.7352941176470589,
      0.7529411764705882,
      0.7529411764705882,
      0.8117647058823529
    ],
    [
      0.7705882352941176,
      0.7470588235294118,
      0.7352941176470589,
      0.7,
      0.7058823529411764,
      0.7058823529411765,
      0.7058823529411764
    ],
    [
      0.788235294117647,
      0.7470588235294118,
      0.7294117647058823,
      0.6235294117647058,
      0.6294117647058824,
      0.5470588235294118,
      0.5470588235294118
    ],
    [
      0.7823529411764706,
      0.711764705882353,
      0.5823529411764706,
      0.4588235294117647,
      0.3764705882352941,
      0.21764705882352944,
      0.11764705882352941
    ]
  ],
  "attacked_recall_std": [
    [
      0.06056253024110001,
      0.06809315825170721,
      0.03429971702850178,
      0.03429971702850177,
      0.047058823529411736,
      0.0780382303613035,
      0.04921529567847499
    ],
    [
      0.08022459821756382,
      0.08921029934178293,
      0.07107674102114452,
      0.055804899885324305,
      0.06602924800189305,
      0.07107674102114452,
      0.060562530241099984
    ],
    [
      0.08803899733585742,
      0.09772498662256557,
      0.06706914265289042,
      0.07759356446042892,
      0.09665692191267634,
      0.0720438159642111,
      0.06169463812765593
    ],
    [
      0.07299808027053444,
      0.09226110083151833,
      0.06809315825170718,
      0.0753308733815629,
      0.06335488008393536,
      0.03989605872426629,
      0.10120382667108975
    ],
    [
      0.06602924800189307,
      0.07058823529411762,
      0.07759356446042895,
      0.07347056468703998,
      0.05703152773430974,
      0.06335488008393535,
      0.06443794794178424
    ]
  ]
}