{
  "config": {
    "seeds": [
      0,
      1,
      2,
      3,
      4
    ],
    "figure_seed": 0,
    "subsample": 1000,
    "train_frac": 0.75,
    "k": 3,
    "sigma": 0.45,
    "C": 1.0,
    "majority_acc": [
      86.4,
      0.0
    ]
  },
  "levenshtein_psd_figure_seed": {
    "n": 750,
    "lambda_min": -4.075557231903076,
    "lambda_max": 153.72283935546875,
    "n_negative": 47,
    "neg_eig_mass": 0.023062746971845627,
    "shift_rho": 4.075557231903076,
    "shift_rel_perturbation": 0.709173836187366,
    "clip_rel_perturbation": 0.041447341442108154
  },
  "metrics_mean_std": {
    "TF-IDF + linear (baseline)": {
      "accuracy": [
        97.52000000000001,
        0.9927738916792725
      ],
      "precision": [
        0.9785185185185185,
        0.01759161790672286
      ],
      "recall": [
        0.8352941176470587,
        0.06056253024110001
      ],
      "n_sv": [
        343.2,
        10.419213022104886
      ]
    },
    "MLP (TF-IDF)": {
      "accuracy": [
        91.84,
        0.6499230723708804
      ],
      "precision": [
        1.0,
        0.0
      ],
      "recall": [
        0.4,
        0.04778846120374093
      ],
      "n_sv": null
    },
    "Spectrum k=3": {
      "accuracy": [
        97.03999999999999,
        0.8979977728257498
      ],
      "precision": [
        0.993103448275862,
        0.013793103448275845
      ],
      "recall": [
        0.7882352941176471,
        0.0680931582517072
      ],
      "n_sv": [
        290.6,
        9.707728879609277
      ]
    },
    "Spectrum k=2": {
      "accuracy": [
        96.8,
        1.213260071048253
      ],
      "precision": [
        1.0,
        0.0
      ],
      "recall": [
        0.7647058823529412,
        0.08921029934178293
      ],
      "n_sv": [
        189.0,
        6.752777206453653
      ]
    },
    "Levenshtein direct(shift) s=0.45": {
      "accuracy": [
        71.75999999999999,
        28.491233739520652
      ],
      "precision": [
        0.32753036437246963,
        0.24005119524291713
      ],
      "recall": [
        0.2529411764705882,
        0.3764705882352941
      ],
      "n_sv": [
        418.8,
        42.597652517480356
      ]
    },
    "Levenshtein kPCA s=0.45": {
      "accuracy": [
        93.68,
        0.9260669522232122
      ],
      "precision": [
        0.9882352941176471,
        0.02352941176470589
      ],
      "recall": [
        0.5411764705882354,
        0.06056253024110001
      ],
      "n_sv": [
        310.6,
        22.89628790874189
      ]
    }
  },
  "ranking_mean_std": {
    "TF-IDF + linear (baseline)": {
      "roc_auc": [
        0.985566448801743,
        0.013107024330286694
      ],
      "avg_precision": [
        0.9654316563308882,
        0.019502177210837017
      ]
    },
    "MLP (TF-IDF)": {
      "roc_auc": [
        0.9845588235294118,
        0.008563331802153386
      ],
      "avg_precision": [
        0.9510750269508845,
        0.01829118668099186
      ]
    },
    "Spectrum k=3": {
      "roc_auc": [
        0.9918300653594772,
        0.0059521648126197105
      ],
      "avg_precision": [
        0.9769840220314142,
        0.011497352813559293
      ]
    },
    "Spectrum k=2": {
      "roc_auc": [
        0.9913671023965142,
        0.006577572609782408
      ],
      "avg_precision": [
        0.9719304452053678,
        0.015035051776013098
      ]
    },
    "Levenshtein direct(shift) s=0.45": {
      "roc_auc": [
        0.7029411764705882,
        0.04887555995704471
      ],
      "avg_precision": [
        0.2889506470930087,
        0.060354999914174264
      ]
    },
    "Levenshtein kPCA s=0.45": {
      "roc_auc": [
        0.9804466230936818,
        0.013506801665100992
      ],
      "avg_precision": [
        0.9285753226202577,
        0.04837680291218395
      ]
    }
  },
  "class_blocks_mean_std": {
    "spectrum": {
      "within_spam": [
        0.12458774350917727,
        0.004847784853224679
      ],
      "within_ham": [
        0.07065429269717205,
        0.0013625798185982682
      ],
      "between": [
        0.07078339807176481,
        0.0014216027814934775
      ],
      "spam_over_between": [
        1.7604101077993153,
        0.06746583036583365
      ]
    },
    "levenshtein": {
      "within_spam": [
        0.20719903707504272,
        0.0018717420383605578
      ],
      "within_ham": [
        0.20616223514080048,
        0.00077756694326614
      ],
      "between": [
        0.18851787447929383,
        0.0007755963696797738
      ],
      "spam_over_between": [
        1.0991488728024552,
        0.01405040388787203
      ]
    }
  },
  "raw_per_seed": {
    "metrics": {
      "TF-IDF + linear (baseline)": {
        "accuracy": [
          96.39999999999999,
          96.39999999999999,
          98.4,
          98.8,
          97.6
        ],
        "precision": [
          0.9629629629629629,
          0.9629629629629629,
          1.0,
          1.0,
          0.9666666666666667
        ],
        "recall": [
          0.7647058823529411,
          0.7647058823529411,
          0.8823529411764706,
          0.9117647058823529,
          0.8529411764705882
        ]
      },
      "MLP (TF-IDF)": {
        "accuracy": [
          90.8,
          92.80000000000001,
          91.60000000000001,
          92.0,
          92.0
        ],
        "precision": [
          1.0,
          1.0,
          1.0,
          1.0,
          1.0
        ],
        "recall": [
          0.3235294117647059,
          0.47058823529411764,
          0.38235294117647056,
          0.4117647058823529,
          0.4117647058823529
        ]
      },
      "Spectrum k=3": {
        "accuracy": [
          98.4,
          95.6,
          97.2,
          96.8,
          97.2
        ],
        "precision": [
          1.0,
          1.0,
          1.0,
          1.0,
          0.9655172413793104
        ],
        "recall": [
          0.8823529411764706,
          0.6764705882352942,
          0.7941176470588235,
          0.7647058823529411,
          0.8235294117647058
        ]
      },
      "Spectrum k=2": {
        "accuracy": [
          98.4,
          95.19999999999999,
          98.0,
          96.39999999999999,
          96.0
        ],
        "precision": [
          1.0,
          1.0,
          1.0,
          1.0,
          1.0
        ],
        "recall": [
          0.8823529411764706,
          0.6470588235294118,
          0.8529411764705882,
          0.7352941176470589,
          0.7058823529411765
        ]
      },
      "Levenshtein direct(shift) s=0.45": {
        "accuracy": [
          84.8,
          14.799999999999999,
          85.6,
          87.2,
          86.4
        ],
        "precision": [
          0.3333333333333333,
          0.13765182186234817,
          0.0,
          0.6666666666666666,
          0.5
        ],
        "recall": [
          0.11764705882352941,
          1.0,
          0.0,
          0.11764705882352941,
          0.029411764705882353
        ]
      },
      "Levenshtein kPCA s=0.45": {
        "accuracy": [
          95.19999999999999,
          92.4,
          93.2,
          93.60000000000001,
          94.0
        ],
        "precision": [
          1.0,
          0.9411764705882353,
          1.0,
          1.0,
          1.0
        ],
        "recall": [
          0.6470588235294118,
          0.47058823529411764,
          0.5,
          0.5294117647058824,
          0.5588235294117647
        ]
      }
    },
    "support_vectors": {
      "TF-IDF + linear (baseline)": [
        326,
        338,
        345,
        355,
        352
      ],
      "MLP (TF-IDF)": [
        null,
        null,
        null,
        null,
        null
      ],
      "Spectrum k=3": [
        278,
        282,
        290,
        301,
        302
      ],
      "Spectrum k=2": [
        194,
        189,
        176,
        194,
        192
      ],