{
  "seeds": [
    0,
    1,
    2,
    3,
    4
  ],
  "levels": [
    0.0,
    0.1,
    0.2,
    0.3,
    0.4,
    0.5,
    0.6
  ],
  "recall_mean": {
    "word TF-IDF": [
      0.8352941176470587,
      0.7588235294117647,
      0.6647058823529413,
      0.49411764705882355,
      0.4176470588235294,
      0.38823529411764707,
      0.27647058823529413
    ],
    "char spectrum k=3": [
      0.7882352941176471,
      0.7176470588235294,
      0.5823529411764706,
      0.46470588235294114,
      0.38235294117647056,
      0.21764705882352944,
      0.11764705882352941
    ],
    "edit Levenshtein kPCA": [
      0.5411764705882354,
      0.5529411764705883,
      0.6176470588235294,
      0.6705882352941177,
      0.6823529411764706,
      0.7176470588235294,
      0.7647058823529412
    ]
  },
  "recall_std": {
    "word TF-IDF": [
      0.06056253024110001,
      0.06809315825170717,
      0.029994232432898744,
      0.09913117380207483,
      0.10910139406465534,
      0.09188529030478418,
      0.08235294117647057
    ],
    "char spectrum k=3": [
      0.0680931582517072,
      0.0780382303613035,
      0.07759356446042895,
      0.06280634265900771,
      0.05261336417646563,
      0.06335488008393535,
      0.07440653318043246
    ],
    "edit Levenshtein kPCA": [
      0.06056253024110001,
      0.06809315825170721,
      0.04159451654038516,
      0.03429971702850177,
      0.047058823529411736,
      0.0780382303613035,
      0.04921529567847499
    ]
  },
  "precision_mean": {
    "word TF-IDF": [
      0.9785185185185185,
      0.9762046327263718,
      0.9738801054018446,
      0.9646241830065361,
      0.9528506787330316,
      0.9547619047619047,
      0.935064935064935
    ],
    "char spectrum k=3": [
      0.993103448275862,
      0.992,
      0.99,
      0.9875,
      0.9866666666666667,
      0.9777777777777779,
      0.9714285714285713
    ],
    "edit Levenshtein kPCA": [
      0.9882352941176471,
      0.9882352941176471,
      0.9904761904761905,
      0.9916666666666668,
      0.9916666666666668,
      0.992,
      0.993103448275862
    ]
  }
}