{
  "seeds": [
    0,
    1,
    2,
    3,
    4
  ],
  "sigmas": [
    0.15,
    0.25,
    0.35,
    0.45,
    0.55,
    0.65,
    0.75,
    0.85
  ],
  "ks": [
    1,
    2,
    3,
    4,
    5,
    6
  ],
  "sigma_ref": 0.45,
  "k_ref": 3,
  "lev_sigma": {
    "0.15": {
      "recall": [
        0.0,
        0.08823529411764706,
        0.17647058823529413,
        0.058823529411764705,
        0.08823529411764706
      ],
      "precision": [
        0.0,
        1.0,
        1.0,
        1.0,
        1.0
      ],
      "auc": [
        0.9786220043572985,
        0.9509803921568628,
        0.9598311546840959,
        0.9866557734204793,
        0.9497549019607843
      ],
      "sv_frac": [
        0.9973333333333333,
        0.9933333333333333,
        0.9893333333333333,
        0.9986666666666667,
        0.9973333333333333
      ],
      "mean_off": [
        9.538421727484092e-05,
        0.00014356175961438566,
        0.00015086786879692227,
        0.00015382361016236246,
        7.06443315721117e-05
      ],
      "neg_mass": [
        7.621511469526814e-18,
        8.729830092771302e-18,
        2.335660264829231e-18,
        8.069051749684341e-18,
        2.7475926943630355e-18
      ]
    },
    "0.25": {
      "recall": [
        0.058823529411764705,
        0.029411764705882353,
        0.20588235294117646,
        0.058823529411764705,
        0.08823529411764706
      ],
      "precision": [
        1.0,
        1.0,
        1.0,
        1.0,
        1.0
      ],
      "auc": [
        0.9944172113289761,
        0.9652777777777778,
        0.9771241830065359,
        0.9949618736383442,
        0.9665032679738562
      ],
      "sv_frac": [
        0.672,
        0.54,
        0.6986666666666667,
        0.7453333333333333,
        0.7333333333333333
      ],
      "mean_off": [
        0.006654713768512011,
        0.006763434037566185,
        0.0067162238992750645,
        0.006699907127767801,
        0.006674737203866243
      ],
      "neg_mass": [
        1.866411870266168e-18,
        3.9619407760906425e-18,
        2.823805393690915e-18,
        5.38798484929073e-18,
        4.4149214231369315e-18
      ]
    },
    "0.35": {
      "recall": [
        0.3235294117647059,
        0.3235294117647059,
        0.4411764705882353,
        0.4117647058823529,
        0.4411764705882353
      ],
      "precision": [
        1.0,
        1.0,
        1.0,
        1.0,
        1.0
      ],
      "auc": [
        0.997140522875817,
        0.971541394335512,
        0.9787581699346406,
        0.9974128540305012,
        0.9662309368191722
      ],
      "sv_frac": [
        0.5,
        0.4013333333333333,
        0.5106666666666667,
        0.5306666666666666,
        0.468
      ],
      "mean_off": [
        0.07293526083230972,
        0.07326257973909378,
        0.07267611473798752,
        0.0725773274898529,
        0.07327041029930115
      ],
      "neg_mass": [
        0.007949339225888252,
        0.007954111322760582,
        0.008125096559524536,
        0.007948672398924828,
        0.008012567646801472
      ]
    },
    "0.45": {
      "recall": [
        0.6470588235294118,
        0.47058823529411764,
        0.5,
        0.5294117647058824,
        0.5588235294117647
      ],
      "precision": [
        1.0,
        0.9411764705882353,
        1.0,
        1.0,
        1.0
      ],
      "auc": [
        0.9948257080610021,
        0.966230936819172,
        0.980255991285403,
        0.9963235294117646,
        0.9645969498910676
      ],
      "sv_frac": [
        0.43066666666666664,
        0.3586666666666667,
        0.42533333333333334,
        0.448,
        0.408
      ],
      "mean_off": [
        0.2021847367286682,
        0.202696293592453,
        0.20153893530368805,
        0.20128025114536285,
        0.20278601348400116
      ],
      "neg_mass": [
        0.023062746971845627,
        0.02408664859831333,
        0.023883210495114326,
        0.023238439112901688,
        0.02281131222844124
      ]
    },
    "0.55": {
      "recall": [
        0.6470588235294118,
        0.4411764705882353,
        0.5294117647058824,
        0.5588235294117647,
        0.6176470588235294
      ],
      "precision": [
        1.0,
        0.9375,
        1.0,
        1.0,
        1.0
      ],
      "auc": [
        0.9934640522875817,
        0.9667755991285403,
        0.9783496732026145,
        0.9959150326797386,
        0.9618736383442266
      ],
      "sv_frac": [
        0.4,
        0.35733333333333334,
        0.38533333333333336,
        0.4026666666666667,
        0.3933333333333333
      ],
      "mean_off": [
        0.3412243127822876,
        0.34180039167404175,
        0.3403960168361664,
        0.3400234282016754,
        0.341907799243927
      ],
      "neg_mass": [
        0.040207672864198685,
        0.04279858246445656,
        0.041604019701480865,
        0.04088255390524864,
        0.03953957557678223
      ]
    },
    "0.65": {
      "recall": [
        0.6470588235294118,
        0.38235294117647056,
        0.5588235294117647,
        0.5,
        0.5882352941176471
      ],
      "precision": [
        1.0,
        0.9285714285714286,
        1.0,
        1.0,
        1.0
      ],
      "auc": [
        0.9927832244008714,
        0.9636437908496731,
        0.9790305010893245,
        0.9955065359477124,
        0.9622821350762527
      ],
      "sv_frac": [
        0.38266666666666665,
        0.33866666666666667,
        0.36,
        0.384,
        0.37733333333333335
      ],
      "mean_off": [
        0.46210741996765137,
        0.4626697599887848,
        0.46125465631484985,
        0.4608393907546997,
        0.46276721358299255
      ],
      "neg_mass": [
        0.04910922050476074,
        0.052210915833711624,
        0.05066204443573952,
        0.04987693950533867,
        0.04840831086039543
      ]
    },
    "0.75": {
      "recall": [
        0.6470588235294118,
        0.3235294117647059,
        0.5294117647058824,
        0.47058823529411764,
        0.5
      ],
      "precision": [
        1.0,
        1.0,
        1.0,
        1.0,
        1.0
      ],
      "auc": [
        0.9923747276688454,
        0.9628267973856209,
        0.9756263616557734,
        0.9952342047930283,
        0.9616013071895425
      ],
      "sv_frac": [
        0.388,
        0.3426666666666667,
        0.3626666666666667,
        0.38266666666666665,
        0.37333333333333335
      ],
      "mean_off": [
        0.5594286322593689,
        0.5599439144134521,
        0.5586264729499817,
        0.5582146048545837,
        0.5600253939628601
      ],
      "neg_mass": [
        0.05100304260849953,
        0.05410991609096527,
        0.05254071205854416,
        0.05173737555742264,
        0.05037176236510277
      ]
    },
    "0.85": {
      "recall": [
        0.5,
        0.29411764705882354,
        0.47058823529411764,
        0.4411764705882353,
        0.4411764705882353
      ],
      "precision": [
        1.0,
        1.0,
        1.0,
        1.0,
        1.0
      ],
      "auc": [
        0.9925108932461874,
        0.9620098039215685,
        0.9734477124183006,
        0.9940087145969498,
        0.9617374727668845
      ],
      "sv_frac": [
        0.38,
        0.3373333333333333,
        0.3506666666666667,
        0.384,
        0.37066666666666664
      ],
      "mean_off": [
        0.6358826160430908,
        0.6363416910171509,
        0.635157585144043,
        0.6347717642784119,
        0.6364080905914307
      ],
      "neg_mass": [
        0.04924744740128517,
        0.05216006934642792,
        0.050679534673690796,
        0.04988277330994606,
        0.04868072643876076
      ]
    }
  },
  "spectrum_k": {
    "1": {
      "recall": [
        0.7941176470588235,
        0.5588235294117647,
        0.7647058823529411,
        0.7058823529411765,
        0.6176470588235294
      ],