{"v": 2, "levels": [0.0, 0.005, 0.01, 0.015, 0.02, 0.025, 0.03, 0.035, 0.04, 0.045, 0.05, 0.055, 0.06, 0.065, 0.07, 0.075, 0.08, 0.085, 0.09, 0.095, 0.1, 0.105, 0.11, 0.115, 0.12, 0.125, 0.13, 0.135, 0.14, 0.145, 0.15, 0.155, 0.16, 0.165, 0.17, 0.17500000000000002, 0.18, 0.185, 0.19, 0.195, 0.2, 0.20500000000000002, 0.21, 0.215, 0.22, 0.225, 0.23, 0.23500000000000001, 0.24, 0.245, 0.25, 0.255, 0.26, 0.265, 0.27, 0.275, 0.28, 0.28500000000000003, 0.29, 0.295, 0.3, 0.305, 0.31, 0.315, 0.32, 0.325, 0.33, 0.335, 0.34, 0.34500000000000003, 0.35000000000000003, 0.355, 0.36, 0.365, 0.37, 0.375, 0.38, 0.385, 0.39, 0.395, 0.4, 0.405, 0.41000000000000003, 0.41500000000000004, 0.42, 0.425, 0.43, 0.435, 0.44, 0.445, 0.45, 0.455, 0.46, 0.465, 0.47000000000000003, 0.47500000000000003, 0.48, 0.485, 0.49, 0.495, 0.5, 0.505, 0.51, 0.515, 0.52, 0.525, 0.53, 0.535, 0.54, 0.545, 0.55, 0.555, 0.56, 0.5650000000000001, 0.5700000000000001, 0.5750000000000001, 0.58, 0.585, 0.59, 0.595, 0.6], "n_spam": 34, "models": ["word TF-IDF", "char spectrum k=3", "edit Levenshtein kPCA"], "caught": [[26, 30, 22], [26, 30, 22], [26, 30, 22], [26, 30, 22], [26, 29, 22], [25, 29, 21], [25, 29, 21], [25, 29, 22], [25, 29, 22], [25, 28, 22], [24, 29, 22], [24, 29, 22], [25, 29, 22], [25, 28, 22], [25, 28, 21], [25, 28, 21], [25, 28, 21], [26, 28, 21], [25, 28, 21], [25, 28, 21], [25, 27, 21], [24, 26, 21], [24, 25, 21], [24, 25, 21], [24, 25, 21], [23, 25, 22], [22, 25, 22], [22, 25, 22], [22, 25, 22], [22, 25, 23], [22, 25, 23], [22, 25, 23], [21, 25, 22], [20, 25, 22], [19, 25, 22], [18, 25, 23], [18, 25, 22], [18, 25, 22], [18, 25, 22], [18, 25, 22], [18, 24, 22], [19, 23, 22], [19, 24, 22], [19, 24, 23], [18, 23, 23], [18, 21, 23], [18, 21, 22], [18, 21, 23], [18, 19, 23], [17, 18, 22], [17, 18, 22], [17, 18, 22], [15, 17, 22], [15, 16, 22], [15, 16, 22], [15, 15, 22], [15, 15, 22], [15, 15, 22], [16, 14, 22], [16, 14, 22], [16, 13, 23], [15, 12, 23], [15, 11, 23], [15, 11, 23], [15, 11, 23], [15, 11, 24], [15, 12, 22], [15, 12, 22], [15, 12, 23], [15, 12, 25], [15, 12, 25], [15, 11, 25], [15, 10, 25], [15, 10, 25], [13, 10, 25], [13, 10, 25], [13, 10, 25], [12, 10, 24], [13, 10, 25], [13, 10, 25], [12, 10, 26], [12, 9, 26], [12, 9, 26], [12, 9, 24], [12, 8, 24], [12, 8, 25], [11, 8, 25], [11, 9, 25], [11, 8, 25], [11, 8, 25], [11, 8, 25], [11, 8, 27], [10, 8, 27], [10, 8, 27], [10, 8, 27], [9, 8, 27], [9, 7, 26], [9, 7, 26], [9, 7, 27], [8, 7, 27], [8, 7, 28], [8, 7, 28], [8, 6, 28], [7, 5, 28], [6, 5, 28], [6, 5, 28], [6, 4, 28], [6, 2, 28], [6, 2, 28], [5, 2, 28], [5, 2, 28], [5, 2, 28], [5, 2, 28], [5, 2, 28], [5, 2, 28], [5, 2, 28], [4, 2, 28], [4, 2, 28], [4, 2, 28], [4, 2, 28], [4, 2, 29]], "ex_verdict": [[true, true, true], [true, true, true], [true, true, true], [true, true, true], [true, true, true], [true, true, true], [true, true, true], [true, true, true], [true, true, true], [true, true, true], [true, true, true], [true, true, true], [true, true, true], [true, true, true], [true, true, true], [true, true, true], [true, true, true], [true, true, true], [true, true, true], [true, true, true], [true, true, true], [true, true, true], [true, true, true], [true, true, true], [true, true, true], [true, true, true], [true, true, true], [true, true, true], [true, true, true], [true, true, true], [true, true, true], [true, true, true], [true, true, true], [true, true, true], [true, true, true], [true, true, true], [true, true, true], [true, true, true], [true, true, true], [true, true, true], [true, false, true], [true, false, true], [true, false, true], [true, false, true], [false, false, true], [false, false, true], [false, false, true], [false, false, true], [false, false, true], [false, false, true], [false, false, true], [false, false, true], [false, false, true], [false, false, true], [false, false, true], [false, false, true], [false, false, true], [false, false, true], [false, false, true], [false, false, true], [false, false, true], [false, false, true], [false, false, true], [false, false, true], [false, false, true], [false, false, true], [false, false, true], [false, false, true], [false, false, true], [false, false, true], [false, false, true], [false, false, true], [false, false, true], [false, false, true], [false, false, true], [false, false, true], [false, false, true], [false, false, true], [false, false, true], [false, false, true], [false, false, true], [false, false, true], [false, false, true], [false, false, true], [false, false, true], [false, false, true], [false, false, true], [false, false, true], [false, false, true], [false, false, true], [false, false, true], [false, false, true], [false, false, true], [false, false, true], [false, false, true], [false, false, true], [false, false, true], [false, false, true], [false, false, true], [false, false, true], [false, false, true], [false, false, true], [false, false, true], [false, false, true], [false, false, true], [false, false, true], [false, false, true], [false, false, true], [false, false, true], [false, false, true], [false, false, true], [false, false, true], [false, false, true], [false, false, true], [false, false, true], [false, false, true], [false, false, true], [false, false, true], [false, false, true], [false, false, true], [false, false, true]],